{
    "model_name": "random_forest",
    "metrics": {
        "accuracy": 0.35,
        "precision": 0.4,
        "recall": 0.3636,
        "f1_score": 0.381
    },
    "confusion_matrix": [
        [
            3,
            6
        ],
        [
            7,
            4
        ]
    ],
    "roc_data": {
        "fpr": [
            0.0,
            0.1111111111111111,
            0.3333333333333333,
            0.3333333333333333,
            0.5555555555555556,
            0.5555555555555556,
            0.6666666666666666,
            0.6666666666666666,
            0.7777777777777778,
            0.7777777777777778,
            0.8888888888888888,
            0.8888888888888888,
            1.0,
            1.0
        ],
        "tpr": [
            0.0,
            0.0,
            0.0,
            0.18181818181818182,
            0.18181818181818182,
            0.2727272727272727,
            0.2727272727272727,
            0.5454545454545454,
            0.5454545454545454,
            0.6363636363636364,
            0.6363636363636364,
            0.8181818181818182,
            0.8181818181818182,
            1.0
        ],
        "auc": 0.2929
    }
}