{
    "model_name": "xgboost",
    "metrics": {
        "accuracy": 0.35,
        "precision": 0.3333,
        "recall": 0.1818,
        "f1_score": 0.2353
    },
    "confusion_matrix": [
        [
            5,
            4
        ],
        [
            9,
            2
        ]
    ],
    "roc_data": {
        "fpr": [
            0.0,
            0.0,
            0.4444444444444444,
            0.4444444444444444,
            0.5555555555555556,
            0.5555555555555556,
            0.8888888888888888,
            0.8888888888888888,
            1.0,
            1.0
        ],
        "tpr": [
            0.0,
            0.09090909090909091,
            0.09090909090909091,
            0.2727272727272727,
            0.2727272727272727,
            0.45454545454545453,
            0.45454545454545453,
            0.7272727272727273,
            0.7272727272727273,
            1.0
        ],
        "auc": 0.303
    }
}